{"Dept":5,"Total_Sales":3468885.5799999987,"Average_Weekly_Sales":24257.94111888111}
{"Dept":7,"Total_Sales":3513007.6999999993,"Average_Weekly_Sales":24566.48741258741}
{"Dept":1,"Total_Sales":3219405.1800000025,"Average_Weekly_Sales":22513.322937062956}
{"Dept":3,"Total_Sales":1880518.3599999994,"Average_Weekly_Sales":13150.478041958038}
{"Dept":6,"Total_Sales":686794.2100000002,"Average_Weekly_Sales":4836.578943661973}
{"Dept":4,"Total_Sales":5285874.089999996,"Average_Weekly_Sales":36964.15447552445}
{"Dept":20,"Total_Sales":120000.0,"Average_Weekly_Sales":12000.0}
{"Dept":2,"Total_Sales":6592598.929999999,"Average_Weekly_Sales":46102.09041958041}
{}
