{"Store":1,"Total_Weekly_Sales":2.4767084049999993E7,"Average_Weekly_Sales":24521.865396039597}
{}
