{"Dept":7,"IsHoliday":true,"Total_Sales":321670.62,"Average_Weekly_Sales":32167.061999999998}
{"Dept":5,"IsHoliday":false,"Total_Sales":3092650.999999999,"Average_Weekly_Sales":23253.015037593977}
{"Dept":5,"IsHoliday":true,"Total_Sales":376234.58,"Average_Weekly_Sales":37623.458}
{"Dept":7,"IsHoliday":false,"Total_Sales":3191337.08,"Average_Weekly_Sales":23995.015639097746}
{"Dept":1,"IsHoliday":false,"Total_Sales":2962019.2400000026,"Average_Weekly_Sales":22270.82135338348}
{"Dept":3,"IsHoliday":true,"Total_Sales":115125.37,"Average_Weekly_Sales":11512.537}
{"Dept":1,"IsHoliday":true,"Total_Sales":257385.93999999997,"Average_Weekly_Sales":25738.593999999997}
{"Dept":3,"IsHoliday":false,"Total_Sales":1765392.9899999993,"Average_Weekly_Sales":13273.631503759394}
{"Dept":6,"IsHoliday":true,"Total_Sales":85474.78000000001,"Average_Weekly_Sales":8547.478000000001}
{"Dept":6,"IsHoliday":false,"Total_Sales":601319.43,"Average_Weekly_Sales":4555.450227272728}
{"Dept":4,"IsHoliday":false,"Total_Sales":4895534.979999997,"Average_Weekly_Sales":36808.5336842105}
{"Dept":4,"IsHoliday":true,"Total_Sales":390339.11,"Average_Weekly_Sales":39033.911}
{"Dept":20,"Total_Sales":120000.0,"Average_Weekly_Sales":12000.0}
{"Dept":2,"IsHoliday":true,"Total_Sales":448003.33999999997,"Average_Weekly_Sales":44800.333999999995}
{"Dept":2,"IsHoliday":false,"Total_Sales":6144595.590000001,"Average_Weekly_Sales":46199.96684210527}
{}
